time_utc,open,high,low,close,volume
2026-06-10 07:39:00,50702.5,50704,50696,50699,168
2026-06-10 07:40:00,50698.5,50704.5,50697,50703,154
2026-06-10 07:41:00,50703.5,50711,50697,50698.5,168
2026-06-10 07:42:00,50699,50702,50693,50699,146
2026-06-10 07:43:00,50700,50704,50690,50693,166
2026-06-10 07:44:00,50692.5,50701,50691,50700,144
2026-06-10 07:45:00,50700.5,50701,50684.5,50692.5,150
2026-06-10 07:46:00,50691,50695.5,50683.5,50686,136
2026-06-10 07:47:00,50685.5,50704.5,50682,50704.5,198
2026-06-10 07:48:00,50704,50709,50690.5,50699,188
2026-06-10 07:49:00,50700.5,50701.5,50682,50689.5,190
2026-06-10 07:50:00,50690,50691.5,50680,50684.5,144
2026-06-10 07:51:00,50686.5,50697,50679,50692,184
2026-06-10 07:52:00,50693,50693,50683,50686,162
2026-06-10 07:53:00,50687,50689,50683.5,50685.5,146
2026-06-10 07:54:00,50684,50692.5,50679,50691,168
2026-06-10 07:55:00,50690.5,50705,50688.5,50704.5,200
2026-06-10 07:56:00,50705,50705.5,50689.5,50694,160
2026-06-10 07:57:00,50695,50702,50692.5,50696,158
2026-06-10 07:58:00,50696.5,50701,50692,50695.5,144
2026-06-10 07:59:00,50696,50704.5,50694,50704,178
2026-06-10 08:00:00,50705.5,50709.5,50689.5,50693.5,262
2026-06-10 08:01:00,50693,50697,50676,50678,244
2026-06-10 08:02:00,50678.5,50683,50650.5,50650.5,230
2026-06-10 08:03:00,50648.5,50655,50634,50643.5,292
2026-06-10 08:04:00,50642.5,50658,50639.5,50651,344
2026-06-10 08:05:00,50652.5,50662.5,50647,50658,300
2026-06-10 08:06:00,50658.5,50659,50648.5,50649,278
2026-06-10 08:07:00,50649.5,50677,50648.5,50668,298
2026-06-10 08:08:00,50667.5,50684,50666,50672,244
2026-06-10 08:09:00,50671,50682,50662,50682,258
2026-06-10 08:10:00,50680.5,50685,50665,50682.5,240
2026-06-10 08:11:00,50682,50686.5,50676,50682,228
2026-06-10 08:12:00,50682.5,50682.5,50659.5,50661.5,202
2026-06-10 08:13:00,50662,50668.5,50655.5,50660,200
2026-06-10 08:14:00,50661,50663.5,50649.5,50651,222
2026-06-10 08:15:00,50650.5,50659.5,50646.5,50648,214
2026-06-10 08:16:00,50648.5,50651.5,50641.5,50646,196
2026-06-10 08:17:00,50645.5,50647,50638,50641,200
2026-06-10 08:18:00,50641.5,50643.5,50632.5,50633,198
2026-06-10 08:19:00,50632.5,50646.5,50627,50629,214
2026-06-10 08:20:00,50628.5,50630,50617,50619,192
2026-06-10 08:21:00,50620,50623,50609.5,50618.5,260
2026-06-10 08:22:00,50619,50637,50615.5,50633.5,208
2026-06-10 08:23:00,50633,50637.5,50624,50634.5,184
2026-06-10 08:24:00,50635.5,50643,50614.5,50632,262
2026-06-10 08:25:00,50632.5,50641,50626.5,50633,230
2026-06-10 08:26:00,50631.5,50638,50620.5,50629,228
2026-06-10 08:27:00,50627,50633,50618,50621.5,240
2026-06-10 08:28:00,50623,50631.5,50621,50626,220
2026-06-10 08:29:00,50624,50637,50622,50628,308
2026-06-10 08:30:00,50626,50629,50609,50611.5,238
2026-06-10 08:31:00,50611,50616,50603.5,50614.5,188
2026-06-10 08:32:00,50614,50619.5,50606,50615.5,178
2026-06-10 08:33:00,50615,50615.5,50604,50609.5,198
2026-06-10 08:34:00,50609,50614.5,50601,50602,164
2026-06-10 08:35:00,50602.5,50604.5,50596,50604,214
2026-06-10 08:36:00,50604.5,50624,50604,50618.5,228
2026-06-10 08:37:00,50618,50618,50605,50616,194
2026-06-10 08:38:00,50615,50629,50614.5,50621.5,186
2026-06-10 08:39:00,50620,50630.5,50614,50618.5,196
2026-06-10 08:40:00,50618,50623,50615.5,50615.5,158
2026-06-10 08:41:00,50615,50617,50611,50613,188
2026-06-10 08:42:00,50612.5,50613,50594.5,50594.5,190
2026-06-10 08:43:00,50595,50595,50572,50579,230
2026-06-10 08:44:00,50578,50578,50551,50556.5,226
2026-06-10 08:45:00,50556,50557,50535,50542.5,304
2026-06-10 08:46:00,50543,50552.5,50526,50535,256
2026-06-10 08:47:00,50536,50536,50512,50512,272
2026-06-10 08:48:00,50512.5,50518.5,50505.5,50511,260
2026-06-10 08:49:00,50512,50527,50511.5,50521,242
2026-06-10 08:50:00,50521.5,50540,50515.5,50540,288
2026-06-10 08:51:00,50542,50563,50541,50546,278
2026-06-10 08:52:00,50547,50565.5,50545.5,50565,208
2026-06-10 08:53:00,50565.5,50583.5,50560,50576.5,268
2026-06-10 08:54:00,50577,50578,50553,50553,226
2026-06-10 08:55:00,50554.5,50560,50542,50550,218
2026-06-10 08:56:00,50549.5,50552,50536.5,50543,210
2026-06-10 08:57:00,50542,50545,50534,50543,234
2026-06-10 08:58:00,50542,50542,50528.5,50529.5,186
2026-06-10 08:59:00,50530,50538,50527,50538,198
2026-06-10 09:00:00,50537,50541,50512.5,50518,228
2026-06-10 09:01:00,50517,50521.5,50510,50516,248
2026-06-10 09:02:00,50518,50519.5,50507,50516.5,208
2026-06-10 09:03:00,50517,50530,50509,50514.5,214
2026-06-10 09:04:00,50514,50528,50511,50528,208
2026-06-10 09:05:00,50527.5,50549,50527.5,50542,280
2026-06-10 09:06:00,50543,50548,50519.5,50524,252
2026-06-10 09:07:00,50523,50543,50519,50533,202
2026-06-10 09:08:00,50529.5,50537,50518,50519,210
2026-06-10 09:09:00,50518,50525,50514,50515,220
2026-06-10 09:10:00,50514.5,50547,50508,50527,298
2026-06-10 09:11:00,50526,50527,50489,50494,246
2026-06-10 09:12:00,50493,50494.5,50476,50476,202
2026-06-10 09:13:00,50475.5,50485,50470.5,50470.5,240
2026-06-10 09:14:00,50470,50475,50460.5,50461,220
2026-06-10 09:15:00,50459.5,50459.5,50423.5,50436,310
2026-06-10 09:16:00,50435.5,50454,50426,50452,234
2026-06-10 09:17:00,50451,50495.5,50450,50492,270
2026-06-10 09:18:00,50491,50497,50482,50483,208
2026-06-10 09:19:00,50481.5,50488.5,50472.5,50475,224
2026-06-10 09:20:00,50474,50481,50465,50477,240
2026-06-10 09:21:00,50480,50483,50453,50453,232
2026-06-10 09:22:00,50453.5,50456.5,50442.5,50449.5,244
2026-06-10 09:23:00,50449,50474.5,50448,50471,196
2026-06-10 09:24:00,50470.5,50495,50469.5,50495,196
2026-06-10 09:25:00,50494,50525,50492,50524,250
2026-06-10 09:26:00,50523,50534.5,50515.5,50528,248
2026-06-10 09:27:00,50527,50535.5,50519.5,50523,234
2026-06-10 09:28:00,50523.5,50528,50520,50525.5,202
2026-06-10 09:29:00,50525,50531,50521,50527,194
2026-06-10 09:30:00,50526.5,50539.5,50514,50539,224
2026-06-10 09:31:00,50538,50542,50517.5,50517.5,250
2026-06-10 09:32:00,50518,50529.5,50518,50525,202
2026-06-10 09:33:00,50527,50537.5,50517,50521,224
2026-06-10 09:34:00,50520,50532,50518.5,50532,196
2026-06-10 09:35:00,50531,50541.5,50524,50539,180
2026-06-10 09:36:00,50540,50545.5,50532,50535.5,218
2026-06-10 09:37:00,50535,50540.5,50528.5,50538,164
2026-06-10 09:38:00,50537.5,50550.5,50536,50549.5,208
2026-06-10 09:39:00,50549,50549,50526,50529,210
2026-06-10 09:40:00,50528,50531,50497.5,50503.5,242
2026-06-10 09:41:00,50503,50503,50492,50494.5,206
2026-06-10 09:42:00,50494,50498,50479,50481.5,246
2026-06-10 09:43:00,50481,50492.5,50474,50491,214
2026-06-10 09:44:00,50490,50500,50487,50488.5,190
2026-06-10 09:45:00,50488,50512.5,50484.5,50512.5,176
2026-06-10 09:46:00,50511.5,50511.5,50480.5,50482.5,187
2026-06-10 09:47:00,50483.5,50488,50480,50482,163
2026-06-10 09:48:00,50481,50482,50470.5,50480,198
2026-06-10 09:49:00,50479,50484,50475.5,50481,191
2026-06-10 09:50:00,50483,50497,50477,50491.5,198
2026-06-10 09:51:00,50490.5,50498.5,50481,50496,164
2026-06-10 09:52:00,50497.5,50509,50496,50498.5,248
2026-06-10 09:53:00,50499,50506,50493,50498,216
2026-06-10 09:54:00,50497,50520,50493,50516.5,218
2026-06-10 09:55:00,50516,50526.5,50515,50522,178
2026-06-10 09:56:00,50521,50535.5,50519.5,50532,184
2026-06-10 09:57:00,50533,50534,50513,50517,162
2026-06-10 09:58:00,50516,50530.5,50516,50526,216
2026-06-10 09:59:00,50525.5,50528.5,50519.5,50528.5,184
2026-06-10 10:00:00,50529,50531,50512,50512,193
2026-06-10 10:01:00,50513,50513,50486.5,50502,205
2026-06-10 10:02:00,50500,50509.5,50497,50504,164
2026-06-10 10:03:00,50503.5,50505,50495,50501,180
2026-06-10 10:04:00,50500.5,50512.5,50499.5,50505.5,154
2026-06-10 10:05:00,50506,50508,50480.5,50491,194
2026-06-10 10:06:00,50490.5,50494,50486,50486,174
2026-06-10 10:07:00,50486.5,50492.5,50483.5,50484,160
2026-06-10 10:08:00,50484.5,50493,50483,50489.5,184
2026-06-10 10:09:00,50492,50505.5,50492,50502,194
2026-06-10 10:10:00,50503,50507,50486,50490,222
2026-06-10 10:11:00,50489.5,50503,50489,50496,172
2026-06-10 10:12:00,50494,50500,50489,50500,176
2026-06-10 10:13:00,50499.5,50501,50491,50499,168
2026-06-10 10:14:00,50499.5,50499.5,50487,50489,154
2026-06-10 10:15:00,50490,50494,50476,50479.5,174
2026-06-10 10:16:00,50480,50486,50468,50468,168
2026-06-10 10:17:00,50466.5,50468,50444.5,50445.5,204
2026-06-10 10:18:00,50446,50453,50432.5,50433,194
2026-06-10 10:19:00,50432.5,50448,50432.5,50438.5,234
2026-06-10 10:20:00,50438,50438.5,50422,50426.5,202
2026-06-10 10:21:00,50427,50466,50423,50465,254
2026-06-10 10:22:00,50466,50475.5,50464,50466,190
2026-06-10 10:23:00,50468,50476,50462.5,50472.5,152
2026-06-10 10:24:00,50472,50489.5,50470.5,50480.5,212
2026-06-10 10:25:00,50481,50490,50477,50489,164
2026-06-10 10:26:00,50482,50483,50471,50480,182
2026-06-10 10:27:00,50480.5,50496,50479,50485.5,208
2026-06-10 10:28:00,50486.5,50507,50485,50502,179
2026-06-10 10:29:00,50502.5,50512,50502.5,50504,192
2026-06-10 10:30:00,50504.5,50522,50491,50514,278
2026-06-10 10:31:00,50515,50518.5,50506.5,50517,232
2026-06-10 10:32:00,50516.5,50518,50507,50507,174
2026-06-10 10:33:00,50506.5,50515,50504.5,50514,203
2026-06-10 10:34:00,50514.5,50514.5,50487,50488,164
2026-06-10 10:35:00,50487.5,50491.5,50477,50483,168
2026-06-10 10:36:00,50484,50499.5,50484,50499.5,176
2026-06-10 10:37:00,50500,50511,50488,50511,186
2026-06-10 10:38:00,50510.5,50515,50506,50510,168
2026-06-10 10:39:00,50511,50515.5,50508,50513,170
2026-06-10 10:40:00,50513.5,50517,50506,50511,206
2026-06-10 10:41:00,50511.5,50527.5,50508,50526,136
2026-06-10 10:42:00,50527,50531,50521,50530,152
2026-06-10 10:43:00,50529,50533.5,50518,50522.5,186
2026-06-10 10:44:00,50522,50534,50519.5,50533,142
2026-06-10 10:45:00,50534,50543,50530,50539,174
2026-06-10 10:46:00,50540,50551,50539,50546,176
2026-06-10 10:47:00,50546.5,50550,50537.5,50539,158
2026-06-10 10:48:00,50538,50541,50521,50523,140
2026-06-10 10:49:00,50522.5,50528,50514.5,50519,162
2026-06-10 10:50:00,50518,50518,50498,50498,173
2026-06-10 10:51:00,50499,50506,50497.5,50502,152
2026-06-10 10:52:00,50501,50503.5,50481,50481,200
2026-06-10 10:53:00,50480,50485,50469,50476,176
2026-06-10 10:54:00,50475,50488.5,50473,50478,122
2026-06-10 10:55:00,50479,50485.5,50472,50482,166
2026-06-10 10:56:00,50481.5,50517,50481,50512.5,246
2026-06-10 10:57:00,50513.5,50538,50495,50508.5,292
2026-06-10 10:58:00,50508,50522,50499,50501,234
2026-06-10 10:59:00,50502,50515,50500,50511,192
2026-06-10 11:00:00,50513,50529,50511.5,50523,234
2026-06-10 11:01:00,50524,50528,50515.5,50525.5,232
2026-06-10 11:02:00,50526,50533,50522,50532,245
2026-06-10 11:03:00,50533,50539,50384.5,50387.5,303
2026-06-10 11:04:00,50378.5,50409,50300,50309.5,420
2026-06-10 11:05:00,50310.5,50327,50261.5,50304.5,539
2026-06-10 11:06:00,50300.5,50350.5,50264.5,50350.5,485
2026-06-10 11:07:00,50353,50388.5,50339,50372.5,438
2026-06-10 11:08:00,50372,50378,50349,50363,426
2026-06-10 11:09:00,50362,50382.5,50351,50373.5,424
2026-06-10 11:10:00,50372,50403.5,50371.5,50397,385
2026-06-10 11:11:00,50396.5,50422,50393,50411.5,356
2026-06-10 11:12:00,50414,50425,50398,50399.5,324
2026-06-10 11:13:00,50399,50418.5,50397,50410,264
2026-06-10 11:14:00,50409,50421,50392.5,50415,348
2026-06-10 11:15:00,50414.5,50450,50413.5,50440.5,328
2026-06-10 11:16:00,50440,50441.5,50418.5,50435.5,250
2026-06-10 11:17:00,50436,50444,50416,50417,332
2026-06-10 11:18:00,50416.5,50433,50400.5,50408,360
2026-06-10 11:19:00,50406.5,50421,50406,50410,267
2026-06-10 11:20:00,50409,50441,50409,50428.5,338
2026-06-10 11:21:00,50427,50470.5,50426.5,50459.5,368
2026-06-10 11:22:00,50459,50489.5,50452,50469,297
2026-06-10 11:23:00,50469.5,50483.5,50462,50471,314
2026-06-10 11:24:00,50471.5,50473,50410,50414.5,286
2026-06-10 11:25:00,50415.5,50419,50282.5,50309.5,550
2026-06-10 11:26:00,50316.5,50343,50295.5,50331.5,468
2026-06-10 11:27:00,50330.5,50348.5,50312.5,50345,398
2026-06-10 11:28:00,50346.5,50381,50342,50377.5,386
2026-06-10 11:29:00,50378,50400.5,50371,50390,372
2026-06-10 11:30:00,50388.5,50404,50381.5,50385.5,295
2026-06-10 11:31:00,50386,50388,50354,50358,312
2026-06-10 11:32:00,50359,50390,50350,50351,358
2026-06-10 11:33:00,50352,50398.5,50351.5,50389,317
2026-06-10 11:34:00,50391,50407,50378,50394,304
2026-06-10 11:35:00,50393,50405,50371,50373.5,338
2026-06-10 11:36:00,50372.5,50386.5,50365,50384,270
2026-06-10 11:37:00,50383,50388,50356,50371.5,270
2026-06-10 11:38:00,50371,50371.5,50330.5,50338,306
2026-06-10 11:39:00,50337,50346.5,50328.5,50328.5,288
2026-06-10 11:40:00,50328,50362,50328,50358,317
2026-06-10 11:41:00,50359,50367.5,50351,50362,267
2026-06-10 11:42:00,50361,50373,50357,50357,217
2026-06-10 11:43:00,50355,50380,50354,50374.5,242
2026-06-10 11:44:00,50372.5,50375,50365,50366,198
2026-06-10 11:45:00,50365.5,50365.5,50352,50363,224
2026-06-10 11:46:00,50364,50380,50357,50379,248
2026-06-10 11:47:00,50380,50390,50378,50389,234
2026-06-10 11:48:00,50390,50399,50385,50399,232
2026-06-10 11:49:00,50398,50399.5,50381,50386,202
2026-06-10 11:50:00,50385,50407,50385,50403.5,212
2026-06-10 11:51:00,50403,50433,50400,50432.5,280
2026-06-10 11:52:00,50431.5,50437,50421,50426,264
2026-06-10 11:53:00,50427,50434.5,50417,50433,248
2026-06-10 11:54:00,50434,50445.5,50433,50440.5,268
2026-06-10 11:55:00,50440,50454,50437.5,50448.5,246
2026-06-10 11:56:00,50446.5,50448,50418.5,50421,252
2026-06-10 11:57:00,50422,50437,50422,50436,218
2026-06-10 11:58:00,50435,50447,50433,50433,253
2026-06-10 11:59:00,50434,50437.5,50428,50428,182
2026-06-10 12:00:00,50429,50432.5,50404.5,50417,304
2026-06-10 12:01:00,50416.5,50425,50410,50413,254
2026-06-10 12:02:00,50414.5,50423,50410,50423,234
2026-06-10 12:03:00,50423.5,50435.5,50423,50433,239
2026-06-10 12:04:00,50432.5,50435.5,50412,50423,270
2026-06-10 12:05:00,50422,50463,50420,50462.5,304
2026-06-10 12:06:00,50462,50463,50448,50448.5,260
2026-06-10 12:07:00,50448,50453.5,50445.5,50446,248
2026-06-10 12:08:00,50444,50449,50432,50448,256
2026-06-10 12:09:00,50448.5,50465,50444,50456.5,222
2026-06-10 12:10:00,50456,50460,50448.5,50448.5,188
2026-06-10 12:11:00,50448,50451,50435,50442.5,222
2026-06-10 12:12:00,50444,50458,50441,50454.5,232
2026-06-10 12:13:00,50455,50517,50452,50502.5,396
2026-06-10 12:14:00,50503.5,50509,50472,50472,270
2026-06-10 12:15:00,50475,50510.5,50432,50433,320
2026-06-10 12:16:00,50433,50465,50433,50460.5,278
2026-06-10 12:17:00,50459,50478,50458.5,50478,254
2026-06-10 12:18:00,50479,50481.5,50448.5,50456,272
2026-06-10 12:19:00,50457.5,50474,50451,50463,246
2026-06-10 12:20:00,50463.5,50490,50463.5,50490,286
2026-06-10 12:21:00,50491,50500,50485,50489,266
2026-06-10 12:22:00,50490,50493,50463.5,50466,262
2026-06-10 12:23:00,50464.5,50464.5,50448,50455,224
2026-06-10 12:24:00,50456,50472,50456,50465,266
2026-06-10 12:25:00,50464.5,50491,50464.5,50491,276
2026-06-10 12:26:00,50490.5,50512.5,50490.5,50497,310
2026-06-10 12:27:00,50498.5,50514.5,50490.5,50508.5,318
2026-06-10 12:28:00,50511,50528,50507,50514,274
2026-06-10 12:29:00,50509,50524,50499,50518,160
2026-06-10 12:30:00,50578,50653,50516,50544,474
2026-06-10 12:31:00,50549.5,50568.5,50476,50489,513
2026-06-10 12:32:00,50490,50541.5,50482,50538,482
2026-06-10 12:33:00,50535.5,50573.5,50531,50565.5,488
2026-06-10 12:34:00,50564,50594.5,50553.5,50561,465
2026-06-10 12:35:00,50563,50577.5,50532,50541,464
2026-06-10 12:36:00,50540,50600.5,50540,50599,456
2026-06-10 12:37:00,50599.5,50614,50592.5,50592.5,438
2026-06-10 12:38:00,50592,50605,50549.5,50604.5,359
2026-06-10 12:39:00,50605,50611.5,50570,50583,360
2026-06-10 12:40:00,50584,50593,50577,50587,348
2026-06-10 12:41:00,50588.5,50637.5,50577,50620.5,410
2026-06-10 12:42:00,50621,50654,50607,50622,392
2026-06-10 12:43:00,50623.5,50636,50600.5,50610.5,358
2026-06-10 12:44:00,50610,50627,50607.5,50625,326
2026-06-10 12:45:00,50624.5,50638.5,50617,50637.5,358
2026-06-10 12:46:00,50636.5,50680,50636,50664,422
2026-06-10 12:47:00,50664.5,50681,50656,50656,394
2026-06-10 12:48:00,50657,50671,50646.5,50646.5,408
2026-06-10 12:49:00,50647,50663.5,50642.5,50658.5,364
2026-06-10 12:50:00,50661,50662,50649.5,50660.5,382
2026-06-10 12:51:00,50659.5,50663,50643.5,50653,364
2026-06-10 12:52:00,50655.5,50661.5,50630,50634,354
2026-06-10 12:53:00,50635.5,50655,50634,50645,325
2026-06-10 12:54:00,50646,50665,50644,50660,356
2026-06-10 12:55:00,50661.5,50661.5,50639.5,50644,310
2026-06-10 12:56:00,50643,50646.5,50628,50632.5,308
2026-06-10 12:57:00,50632,50649,50619.5,50619.5,318
2026-06-10 12:58:00,50620,50624,50608,50619.5,308
2026-06-10 12:59:00,50620.5,50626,50607.5,50610.5,296
2026-06-10 13:00:00,50610,50619.5,50599,50611.5,356
2026-06-10 13:01:00,50612,50627.5,50603.5,50603.5,350
2026-06-10 13:02:00,50601,50606,50588.5,50588.5,310
2026-06-10 13:03:00,50591,50602.5,50586.5,50597,294
2026-06-10 13:04:00,50596,50604.5,50587,50587.5,308
2026-06-10 13:05:00,50588.5,50590.5,50569,50570,314
2026-06-10 13:06:00,50571,50577,50556.5,50564,296
2026-06-10 13:07:00,50563.5,50583.5,50556,50583.5,282
2026-06-10 13:08:00,50584,50600,50584,50589,284
2026-06-10 13:09:00,50589.5,50600.5,50578,50600.5,278
2026-06-10 13:10:00,50604.5,50609,50587.5,50590.5,280
2026-06-10 13:11:00,50591,50599.5,50584.5,50590,272
2026-06-10 13:12:00,50590.5,50605.5,50588,50594.5,254
2026-06-10 13:13:00,50594,50603,50591.5,50599.5,242
2026-06-10 13:14:00,50600,50601.5,50588.5,50592.5,296
2026-06-10 13:15:00,50592,50598,50589.5,50594.5,260
2026-06-10 13:16:00,50595,50602,50592,50594.5,226
2026-06-10 13:17:00,50593.5,50593.5,50581.5,50590,232
2026-06-10 13:18:00,50589.5,50606.5,50587,50606.5,258
2026-06-10 13:19:00,50605,50605,50590.5,50602,208
2026-06-10 13:20:00,50601.5,50606.5,50594.5,50604,224
2026-06-10 13:21:00,50605,50617,50590.5,50593,252
2026-06-10 13:22:00,50592.5,50594,50586,50588,182
2026-06-10 13:23:00,50588.5,50600.5,50586,50599,160
2026-06-10 13:24:00,50598.5,50618,50596.5,50613,228
2026-06-10 13:25:00,50614,50617,50605.5,50610.5,220
2026-06-10 13:26:00,50609,50616.5,50598.5,50607.5,204
2026-06-10 13:27:00,50606.5,50614.5,50600,50607,262
2026-06-10 13:28:00,50608,50614,50597,50608,278
2026-06-10 13:29:00,50612,50644.5,50595,50643.5,362
2026-06-10 13:30:00,50642.7,50658.5,50557,50562.2,618
2026-06-10 13:31:00,50560.7,50574.7,50533.7,50555.7,634
2026-06-10 13:32:00,50555.2,50615.7,50536.7,50574.2,610
2026-06-10 13:33:00,50574.7,50600.2,50564.7,50567.7,600
2026-06-10 13:34:00,50564.7,50575.7,50517.7,50517.7,560
2026-06-10 13:35:00,50516.7,50572.2,50482.7,50535.2,610
2026-06-10 13:36:00,50535.7,50591.2,50522.2,50571.2,598
2026-06-10 13:37:00,50570.7,50597.2,50554.7,50560.7,557
2026-06-10 13:38:00,50561.7,50609.7,50556.7,50592.7,524
2026-06-10 13:39:00,50591.7,50599.7,50560.7,50589.7,556
2026-06-10 13:40:00,50584.7,50655.7,50570.2,50653.7,501
2026-06-10 13:41:00,50652.7,50657.7,50592.7,50598.7,549
2026-06-10 13:42:00,50599.7,50664.7,50594.7,50649.7,578
2026-06-10 13:43:00,50648.2,50704.2,50643.2,50678.2,534
2026-06-10 13:44:00,50676.2,50700.7,50657.7,50699.2,469
2026-06-10 13:45:00,50699.7,50716.2,50666.7,50714.2,546
2026-06-10 13:46:00,50712.7,50715.2,50672.7,50673.7,564
2026-06-10 13:47:00,50671.7,50685.7,50654.7,50675.7,510
2026-06-10 13:48:00,50676.7,50734.2,50676.7,50731.7,482
2026-06-10 13:49:00,50732.2,50772.2,50704.7,50744.7,515
2026-06-10 13:50:00,50742.7,50748.7,50677.7,50681.2,546
2026-06-10 13:51:00,50678.7,50693.7,50637.7,50642.7,536
2026-06-10 13:52:00,50641.7,50687.7,50641.7,50678.7,535
2026-06-10 13:53:00,50679.7,50708.7,50679.7,50683.7,512
2026-06-10 13:54:00,50682.7,50734.7,50675.2,50716.7,523
2026-06-10 13:55:00,50713.7,50724.7,50695.7,50718.2,537
2026-06-10 13:56:00,50717.7,50742.2,50695.2,50701.7,487
2026-06-10 13:57:00,50700.7,50712.7,50675.7,50675.7,519
2026-06-10 13:58:00,50679.2,50695.7,50660.7,50687.7,510
2026-06-10 13:59:00,50688.7,50692.7,50662.7,50678.7,494
2026-06-10 14:00:00,50678.2,50691.7,50638.7,50652.7,560
2026-06-10 14:01:00,50653.7,50694.2,50643.7,50672.2,527
2026-06-10 14:02:00,50672.7,50698.7,50665.7,50688.2,558
2026-06-10 14:03:00,50690.2,50722.2,50687.7,50695.7,514
2026-06-10 14:04:00,50694.7,50694.7,50666.7,50685.2,498
2026-06-10 14:05:00,50689.7,50692.7,50653.2,50662.7,497
2026-06-10 14:06:00,50663.7,50710.7,50662.7,50707.2,507
2026-06-10 14:07:00,50707.7,50709.2,50678.2,50690.7,482
2026-06-10 14:08:00,50690.2,50715.7,50689.2,50711.7,476
2026-06-10 14:09:00,50713.7,50713.7,50695.7,50698.7,428
2026-06-10 14:10:00,50698.2,50711.7,50686.7,50693.7,490
2026-06-10 14:11:00,50690.7,50706.7,50678.7,50702.2,472
2026-06-10 14:12:00,50701.7,50715.7,50692.7,50706.7,429
2026-06-10 14:13:00,50707.7,50742.7,50685.7,50739.7,472
2026-06-10 14:14:00,50738.7,50741.7,50688.7,50694.7,449
2026-06-10 14:15:00,50697.7,50698.7,50623.7,50626.7,477
2026-06-10 14:16:00,50625.7,50677.2,50624.7,50664.7,530
2026-06-10 14:17:00,50663.7,50663.7,50624.7,50636.2,458
2026-06-10 14:18:00,50635.7,50661.7,50628.7,50653.7,395
2026-06-10 14:19:00,50653.2,50654.7,50613.2,50637.7,439
2026-06-10 14:20:00,50636.7,50655.7,50623.2,50623.2,402
2026-06-10 14:21:00,50622.7,50651.7,50615.7,50651.2,462
2026-06-10 14:22:00,50651.7,50688.7,50645,50674.2,446
2026-06-10 14:23:00,50673.7,50704.7,50667.2,50703.7,456
2026-06-10 14:24:00,50703.2,50730.7,50697.2,50697.7,488
2026-06-10 14:25:00,50698.2,50706.7,50654.7,50655.2,468
2026-06-10 14:26:00,50654.7,50675.7,50649.7,50675.7,438
2026-06-10 14:27:00,50676.7,50698.7,50671.7,50682.2,426
2026-06-10 14:28:00,50682.7,50682.7,50616.2,50626.7,502
2026-06-10 14:29:00,50628.7,50642.7,50614.2,50640.2,492
2026-06-10 14:30:00,50641.2,50646.7,50610.7,50611.7,510
2026-06-10 14:31:00,50610.7,50610.7,50557.7,50567.7,472
2026-06-10 14:32:00,50569.7,50598.7,50567.7,50598.7,494
2026-06-10 14:33:00,50599.2,50620.7,50581.7,50614.2,482
2026-06-10 14:34:00,50613.7,50640.7,50601.7,50639.7,474
2026-06-10 14:35:00,50640.2,50648.2,50617.2,50633.7,420
2026-06-10 14:36:00,50634.2,50634.2,50597.2,50598.7,450
2026-06-10 14:37:00,50600.7,50607.7,50550.7,50553.7,476
2026-06-10 14:38:00,50551.7,50563.7,50538.7,50545.2,464
2026-06-10 14:39:00,50544.7,50577.7,50544.2,50575.7,434
2026-06-10 14:40:00,50574.7,50597.7,50574.7,50595.7,392
2026-06-10 14:41:00,50596.7,50612.7,50588.2,50597.7,434
2026-06-10 14:42:00,50598.7,50613.7,50580.7,50582.7,438
2026-06-10 14:43:00,50583.2,50588.2,50561.7,50567.7,424
2026-06-10 14:44:00,50567.2,50574.7,50526.7,50527.7,422
2026-06-10 14:45:00,50522.7,50539.2,50496.7,50514.7,514
2026-06-10 14:46:00,50512.7,50530.7,50507.7,50517.7,484
2026-06-10 14:47:00,50516.7,50526.7,50492.7,50494.2,472
2026-06-10 14:48:00,50495.2,50507.7,50476.7,50495.7,476
2026-06-10 14:49:00,50496.2,50509.7,50472.2,50485.2,478
2026-06-10 14:50:00,50484.7,50499.2,50471.7,50481.2,482
2026-06-10 14:51:00,50480.7,50508.7,50452.7,50457.7,514
2026-06-10 14:52:00,50455.7,50460.7,50433.2,50450.7,487
2026-06-10 14:53:00,50451.2,50482.7,50448.7,50453.7,474
2026-06-10 14:54:00,50456.7,50484.7,50449.7,50461.7,454
2026-06-10 14:55:00,50460.7,50485.7,50414.7,50416.7,503
2026-06-10 14:56:00,50415.7,50421.7,50395,50404.7,494
2026-06-10 14:57:00,50403.7,50406.2,50354,50354.5,475
2026-06-10 14:58:00,50354,50386.7,50353,50371.7,503
2026-06-10 14:59:00,50370.7,50401.7,50366.7,50382.7,524
2026-06-10 15:00:00,50384.7,50386.7,50344.7,50365.7,540
2026-06-10 15:01:00,50365.2,50443.7,50362.7,50441.7,554
2026-06-10 15:02:00,50442.2,50453.7,50431.7,50437.7,508
2026-06-10 15:03:00,50438.7,50492.7,50431.7,50451.7,528
2026-06-10 15:04:00,50453.2,50455.2,50422.7,50432.7,532
2026-06-10 15:05:00,50433.2,50443.2,50409.7,50415.2,506
2026-06-10 15:06:00,50414.2,50430.7,50395.7,50396.2,474
2026-06-10 15:07:00,50397.7,50411.7,50389.7,50409.2,486
2026-06-10 15:08:00,50409.7,50419.7,50396.7,50407.2,490
2026-06-10 15:09:00,50406.7,50411.7,50367.7,50368.7,494
2026-06-10 15:10:00,50367.2,50386.7,50359.7,50360.2,502
2026-06-10 15:11:00,50359.7,50370.7,50339.7,50352.7,486
2026-06-10 15:12:00,50350.7,50366.7,50332.7,50343,496
2026-06-10 15:13:00,50345,50376.2,50335.5,50358.2,533
2026-06-10 15:14:00,50358.7,50358.7,50321.7,50325.7,470
2026-06-10 15:15:00,50324.7,50327.7,50281.2,50282.5,472
2026-06-10 15:16:00,50282,50313.7,50277,50307.7,492
2026-06-10 15:17:00,50308.7,50320.7,50285.7,50292.7,524
2026-06-10 15:18:00,50291.2,50300,50276.7,50283.7,481
2026-06-10 15:19:00,50280.7,50308.2,50274.7,50281.7,506
2026-06-10 15:20:00,50279.7,50326.7,50277.7,50317.7,520
2026-06-10 15:21:00,50317.2,50320.2,50296.7,50304.7,540
2026-06-10 15:22:00,50303.7,50320.7,50298.7,50308.2,500
2026-06-10 15:23:00,50307.7,50350.7,50307.2,50349.7,542
2026-06-10 15:24:00,50350.2,50377.2,50343.2,50350.2,512
2026-06-10 15:25:00,50347.7,50371.7,50337.7,50368.7,502
2026-06-10 15:26:00,50367.7,50372.2,50352.7,50362.7,490
2026-06-10 15:27:00,50363.7,50387.2,50361.2,50387.2,514
2026-06-10 15:28:00,50391.2,50403.7,50369.7,50371.7,486
2026-06-10 15:29:00,50370.7,50384.7,50336.7,50337.7,478
2026-06-10 15:30:00,50338.7,50362.2,50311,50358.2,520
2026-06-10 15:31:00,50356.7,50368.7,50329.7,50334.7,482
2026-06-10 15:32:00,50335.7,50337.7,50320.2,50322.7,489
2026-06-10 15:33:00,50322.2,50324.2,50281.2,50287.7,486
2026-06-10 15:34:00,50286.7,50323.7,50282.2,50304.2,523
2026-06-10 15:35:00,50304.7,50326.7,50295.7,50298.7,468
2026-06-10 15:36:00,50299.7,50328.7,50292.7,50322.7,488
2026-06-10 15:37:00,50324.7,50325.7,50280.7,50283,481
2026-06-10 15:38:00,50284.5,50299.2,50258,50258,467
2026-06-10 15:39:00,50258.5,50292.2,50233,50278.7,498
2026-06-10 15:40:00,50277.2,50283.2,50258.7,50267.7,488
2026-06-10 15:41:00,50266.7,50319.7,50264.7,50312.7,508
2026-06-10 15:42:00,50313.2,50315.7,50275,50278,480
2026-06-10 15:43:00,50277,50322.7,50277,50315.2,484
2026-06-10 15:44:00,50315.7,50359.7,50315.7,50342.7,494
2026-06-10 15:45:00,50341.7,50359.7,50323.7,50352.7,500
2026-06-10 15:46:00,50350.2,50370.7,50342.7,50359.7,466
2026-06-10 15:47:00,50361.2,50384.2,50236.5,50256.7,532
2026-06-10 15:48:00,50256.2,50265.7,50143.5,50182.2,621
2026-06-10 15:49:00,50183.2,50253.7,50174.7,50227.2,573
2026-06-10 15:50:00,50222.7,50271.2,50173.2,50181.5,596
2026-06-10 15:51:00,50178.5,50223.2,50163.2,50164.2,563
2026-06-10 15:52:00,50166.2,50197.7,50142.7,50196.2,562
2026-06-10 15:53:00,50196.7,50263.2,50187.2,50255.2,557
2026-06-10 15:54:00,50256.2,50306.2,50248.7,50249.2,555
2026-06-10 15:55:00,50248.2,50251.7,50227.2,50229.7,489
2026-06-10 15:56:00,50230.7,50257.7,50222.2,50251.2,484
2026-06-10 15:57:00,50252.2,50315.7,50249.7,50315.7,504
2026-06-10 15:58:00,50317.2,50319.7,50286.7,50296.7,506
2026-06-10 15:59:00,50297.7,50320.2,50294.7,50317.7,448
2026-06-10 16:00:00,50326.2,50343.7,50305.7,50327.7,478
2026-06-10 16:01:00,50326.7,50331.2,50279.2,50289.7,526
2026-06-10 16:02:00,50286.2,50312.7,50284.2,50284.7,502
2026-06-10 16:03:00,50284.2,50305.7,50280.7,50292.7,480
2026-06-10 16:04:00,50294.7,50313.7,50291.2,50300.2,454
2026-06-10 16:05:00,50298.7,50306.2,50276.7,50278.7,468
2026-06-10 16:06:00,50276.7,50313.2,50270.7,50313.2,470
2026-06-10 16:07:00,50312.7,50340.2,50306.7,50321.2,472
2026-06-10 16:08:00,50320.7,50326.2,50275.2,50279.7,476
2026-06-10 16:09:00,50278.7,50284.7,50259,50283.2,448
2026-06-10 16:10:00,50284.2,50284.2,50225.2,50229.7,492
2026-06-10 16:11:00,50231.7,50255.2,50226.7,50240.5,482
2026-06-10 16:12:00,50241,50264.2,50239,50252.2,412
2026-06-10 16:13:00,50251.2,50279.7,50249.2,50270.7,447
2026-06-10 16:14:00,50272.2,50290.7,50255.2,50262.2,494
2026-06-10 16:15:00,50259.7,50270.7,50254.7,50255.7,430
2026-06-10 16:16:00,50255.2,50300.2,50251.2,50280.2,476
2026-06-10 16:17:00,50279.2,50287.7,50254.7,50261.7,474
2026-06-10 16:18:00,50261.2,50276.2,50258.2,50263.7,432
2026-06-10 16:19:00,50262.2,50279.2,50261.7,50268.7,404
2026-06-10 16:20:00,50270.7,50285.7,50258.2,50259.2,444
2026-06-10 16:21:00,50257.7,50275.7,50236.7,50272.2,460
2026-06-10 16:22:00,50271.7,50280.7,50258.7,50265.7,434
2026-06-10 16:23:00,50263.7,50285.7,50263.2,50283.2,452
2026-06-10 16:24:00,50283.7,50283.7,50241.7,50244.2,446
2026-06-10 16:25:00,50243.7,50258.2,50238.7,50250.2,426
2026-06-10 16:26:00,50249.2,50280.7,50245.7,50271.7,420
2026-06-10 16:27:00,50272.2,50282.7,50250.7,50252.2,432
2026-06-10 16:28:00,50252.7,50270.2,50247.2,50259.7,432
2026-06-10 16:29:00,50258.2,50275.7,50254.2,50274.2,416
2026-06-10 16:30:00,50275.2,50275.7,50250.2,50253.7,442
2026-06-10 16:31:00,50251.7,50263.7,50246.2,50249.7,424
2026-06-10 16:32:00,50248.7,50257.7,50230.7,50246.7,462
2026-06-10 16:33:00,50247.7,50257.7,50244.2,50248.7,400
2026-06-10 16:34:00,50248.2,50311.7,50246.7,50308.7,482
2026-06-10 16:35:00,50309.7,50316.7,50283.7,50297.7,458
2026-06-10 16:36:00,50296.7,50320.7,50291.2,50320.7,458
2026-06-10 16:37:00,50322.2,50355.7,50316.2,50345.7,470
2026-06-10 16:38:00,50343.7,50349.7,50328.2,50339.2,426
2026-06-10 16:39:00,50337.7,50337.7,50295.7,50324.7,438
2026-06-10 16:40:00,50321.2,50345.7,50317.7,50325.7,432
2026-06-10 16:41:00,50326.7,50333.7,50287.7,50292.7,450
2026-06-10 16:42:00,50290.2,50294.2,50247.7,50260.7,470
2026-06-10 16:43:00,50261.7,50279.7,50261.7,50267.7,448
2026-06-10 16:44:00,50268.2,50298.2,50265.2,50272.7,422
2026-06-10 16:45:00,50273.2,50274.7,50238.7,50240.2,446
2026-06-10 16:46:00,50239.7,50256.7,50215.7,50233.7,456
2026-06-10 16:47:00,50235.2,50235.2,50200.7,50209.7,466
2026-06-10 16:48:00,50210.7,50222.2,50197.7,50214.7,462
2026-06-10 16:49:00,50213.7,50235.7,50207.2,50217.7,472
2026-06-10 16:50:00,50215.7,50229.7,50208.7,50228.2,464
2026-06-10 16:51:00,50229.7,50255.7,50225.2,50250.7,474
2026-06-10 16:52:00,50249.7,50271.7,50241.7,50269.2,460
2026-06-10 16:53:00,50268.7,50287.2,50250.7,50253.2,452
2026-06-10 16:54:00,50252.7,50252.7,50232.7,50241.7,378
2026-06-10 16:55:00,50242.2,50244.7,50206.7,50214.7,408
2026-06-10 16:56:00,50215.7,50245.2,50212.7,50245.2,436
2026-06-10 16:57:00,50245.7,50248.7,50231.7,50244.2,416
2026-06-10 16:58:00,50243.7,50251.7,50231.2,50249.2,396
2026-06-10 16:59:00,50248.2,50263.7,50246.2,50260.2,404
2026-06-10 17:00:00,50264.2,50285.2,50256.7,50274.2,398
2026-06-10 17:01:00,50273.7,50274.2,50228.7,50234.2,372
2026-06-10 17:02:00,50236.2,50283.2,50236.2,50269.2,422
2026-06-10 17:03:00,50268.2,50306.7,50266.2,50300.2,410
2026-06-10 17:04:00,50299.2,50305.7,50290.7,50294.7,382
2026-06-10 17:05:00,50296.7,50300.2,50240.7,50242.7,490
2026-06-10 17:06:00,50242.2,50262.7,50235.7,50262.7,444
2026-06-10 17:07:00,50262.2,50273.7,50241.7,50249.7,446
2026-06-10 17:08:00,50253.7,50253.7,50217.2,50224.7,470
2026-06-10 17:09:00,50226.7,50232.7,50218.2,50222.2,406
2026-06-10 17:10:00,50221.2,50228.2,50167.7,50168.7,440
2026-06-10 17:11:00,50166.2,50189.2,50160.7,50176.7,448
2026-06-10 17:12:00,50177.7,50190.7,50170.2,50184.7,460
2026-06-10 17:13:00,50186.2,50215.7,50183.7,50196.2,422
2026-06-10 17:14:00,50196.7,50196.7,50163.7,50173.2,416
2026-06-10 17:15:00,50173.7,50182.7,50159.7,50171.7,418
2026-06-10 17:16:00,50173.7,50189.2,50169.7,50182.7,450
2026-06-10 17:17:00,50182.2,50196.7,50158.2,50163.7,460
2026-06-10 17:18:00,50164.7,50177.7,50151.7,50169.2,456
2026-06-10 17:19:00,50168.7,50170.7,50155.2,50166.7,444
2026-06-10 17:20:00,50163.7,50177.7,50160.7,50175.7,432
2026-06-10 17:21:00,50176.2,50176.2,50161.2,50166.7,424
2026-06-10 17:22:00,50165.7,50187.2,50163.7,50172.7,434
2026-06-10 17:23:00,50172.2,50195.7,50172.2,50189.7,430
2026-06-10 17:24:00,50188.2,50208.7,50186.2,50204.7,460
2026-06-10 17:25:00,50202.7,50224.7,50199.2,50216.7,434
2026-06-10 17:26:00,50217.2,50218.7,50183.7,50203.7,434
2026-06-10 17:27:00,50204.7,50208.7,50192.2,50197.7,400
2026-06-10 17:28:00,50196.7,50218.2,50196.7,50208.2,440
2026-06-10 17:29:00,50208.7,50209.2,50196.7,50207.2,402
2026-06-10 17:30:00,50207.7,50207.7,50156.7,50156.7,454
2026-06-10 17:31:00,50157.7,50179.7,50151.7,50159.7,446
2026-06-10 17:32:00,50160.2,50162.7,50140.2,50147.7,514
2026-06-10 17:33:00,50146.7,50158.7,50141.7,50148.7,442
2026-06-10 17:34:00,50143.7,50162.2,50140.7,50147.2,468
2026-06-10 17:35:00,50145.7,50146.7,50120.2,50122.7,389
2026-06-10 17:36:00,50122.2,50129.2,50097.7,50103.2,376
2026-06-10 17:37:00,50103.7,50137.7,50099.7,50122.7,400
2026-06-10 17:38:00,50120.7,50122.7,50095.7,50105.7,398
2026-06-10 17:39:00,50106.7,50120.7,50094.7,50100.2,400
2026-06-10 17:40:00,50099.7,50119.7,50088.7,50106.7,420
2026-06-10 17:41:00,50105.7,50122.7,50096.7,50108.2,388
2026-06-10 17:42:00,50107.7,50118.7,50103.7,50117.7,386
2026-06-10 17:43:00,50118.7,50120.7,50107.7,50112.7,316
2026-06-10 17:44:00,50111.7,50115.7,50078.7,50086.7,386
2026-06-10 17:45:00,50087.7,50120.7,50086.7,50118.7,398
2026-06-10 17:46:00,50116.2,50197.7,50116.2,50192.7,552
2026-06-10 17:47:00,50193.7,50193.7,50159.7,50183.7,486
2026-06-10 17:48:00,50184.2,50232.2,50165.7,50232.2,506
2026-06-10 17:49:00,50232.7,50241.7,50204.2,50218.7,492
2026-06-10 17:50:00,50216.2,50236.7,50151.7,50191.7,501
2026-06-10 17:51:00,50195.2,50209.2,50168.7,50195.2,516
2026-06-10 17:52:00,50196.2,50196.2,50138.2,50140.7,462
2026-06-10 17:53:00,50140.2,50171.7,50135.7,50171.7,466
2026-06-10 17:54:00,50171.2,50207.7,50167.7,50204.2,486
2026-06-10 17:55:00,50202.7,50233.7,50194.2,50222.7,482
2026-06-10 17:56:00,50222.2,50245.7,50213.7,50244.2,438
2026-06-10 17:57:00,50244.7,50244.7,50198.7,50199.7,450
2026-06-10 17:58:00,50198.7,50237.2,50197.7,50234.2,428
2026-06-10 17:59:00,50233.7,50240.2,50227.2,50236.2,410
2026-06-10 18:00:00,50237.2,50277.7,50237.2,50254.7,472
2026-06-10 18:01:00,50253.7,50258.7,50242.7,50257.7,440
2026-06-10 18:02:00,50257.2,50287.7,50254.7,50285.7,426
2026-06-10 18:03:00,50283.7,50314.7,50279.7,50308.7,420
2026-06-10 18:04:00,50309.2,50325.7,50301.2,50322.7,442
2026-06-10 18:05:00,50324.7,50327.7,50300.7,50315.2,428
2026-06-10 18:06:00,50314.7,50321.7,50293.2,50301.2,428
2026-06-10 18:07:00,50300.7,50301.7,50260.7,50260.7,458
2026-06-10 18:08:00,50263.7,50296.7,50253.2,50292.7,434
2026-06-10 18:09:00,50291.7,50291.7,50264.7,50265.7,408
2026-06-10 18:10:00,50267.7,50293.7,50267.2,50279.2,416
2026-06-10 18:11:00,50279.7,50290.2,50275.7,50287.2,362
2026-06-10 18:12:00,50288.7,50303.7,50286.7,50290.7,362
2026-06-10 18:13:00,50289.7,50289.7,50253.2,50256.7,394
2026-06-10 18:14:00,50256.2,50268.7,50254.2,50267.7,332
2026-06-10 18:15:00,50266.7,50293.7,50263.2,50285.2,394
2026-06-10 18:16:00,50286.2,50295.7,50269.7,50272.7,398
2026-06-10 18:17:00,50273.2,50275.2,50237.2,50237.2,370
2026-06-10 18:18:00,50237.7,50246.7,50195.7,50211.2,476
2026-06-10 18:19:00,50213.7,50232.2,50211.2,50214.7,402
2026-06-10 18:20:00,50215.2,50231.7,50215.2,50226.7,394
2026-06-10 18:21:00,50226.2,50247.7,50209.7,50209.7,436
2026-06-10 18:22:00,50210.7,50211.2,50181.7,50190.2,386
2026-06-10 18:23:00,50190.7,50229.7,50184.2,50214.7,394
2026-06-10 18:24:00,50213.7,50228.2,50206.7,50217.2,390
2026-06-10 18:25:00,50218.2,50218.2,50186.7,50195.2,414
2026-06-10 18:26:00,50193.7,50219.7,50187.7,50207.7,440
2026-06-10 18:27:00,50207.2,50211.7,50196.7,50207.7,382
2026-06-10 18:28:00,50209.7,50229.7,50203.7,50211.2,430
2026-06-10 18:29:00,50211.7,50221.7,50190.2,50192.2,410
2026-06-10 18:30:00,50193.7,50193.7,50166.7,50183.7,428
2026-06-10 18:31:00,50182.7,50188.2,50154.7,50158.2,406
2026-06-10 18:32:00,50157.7,50181.7,50156.7,50167.7,390
2026-06-10 18:33:00,50165.7,50177.2,50157.7,50160.2,400
2026-06-10 18:34:00,50160.7,50169.7,50154.2,50162.7,364
2026-06-10 18:35:00,50160.7,50162.7,50123.7,50151.7,454
2026-06-10 18:36:00,50152.7,50167.7,50144.2,50149.7,396
2026-06-10 18:37:00,50148.7,50149.2,50120.7,50123.7,386
2026-06-10 18:38:00,50122.2,50131.7,50113.2,50130.2,422
2026-06-10 18:39:00,50130.7,50154.2,50127.2,50142.2,376
2026-06-10 18:40:00,50142.7,50151.2,50129.7,50129.7,358
2026-06-10 18:41:00,50130.7,50149.7,50129.2,50130.7,362
2026-06-10 18:42:00,50129.7,50142.2,50118.7,50123.2,344
2026-06-10 18:43:00,50123.7,50149.7,50121.7,50137.7,358
2026-06-10 18:44:00,50139.7,50152.7,50128.7,50134.7,378
2026-06-10 18:45:00,50133.7,50138.7,50121.2,50123.7,360
2026-06-10 18:46:00,50122.7,50136.2,50122.7,50125.7,358
2026-06-10 18:47:00,50124.7,50129.7,50116.7,50121.7,326
2026-06-10 18:48:00,50121.2,50145.7,50120.2,50134.7,366
2026-06-10 18:49:00,50134.2,50139.2,50112.7,50113.2,340
2026-06-10 18:50:00,50113.7,50113.7,50065.2,50075.7,458
2026-06-10 18:51:00,50076.7,50111.2,50075.7,50098.7,458
2026-06-10 18:52:00,50098.2,50117.7,50086.7,50110.7,428
2026-06-10 18:53:00,50109.7,50131.7,50108.7,50117.7,422
2026-06-10 18:54:00,50118.2,50129.7,50112.2,50118.2,398
2026-06-10 18:55:00,50117.7,50117.7,50079.7,50083.7,348
2026-06-10 18:56:00,50084.7,50091.7,50074.2,50084.7,354
2026-06-10 18:57:00,50089.7,50111.7,50085.7,50096.7,376
2026-06-10 18:58:00,50095.7,50126.2,50093.7,50117.7,392
2026-06-10 18:59:00,50116.7,50116.7,50102.2,50105.7,376
2026-06-10 19:00:00,50107.7,50107.7,50079.2,50079.7,372
2026-06-10 19:01:00,50078.2,50090.7,50070.7,50081.7,408
2026-06-10 19:02:00,50079.7,50093.2,50068.2,50093.2,414
2026-06-10 19:03:00,50092.7,50110.7,50083.7,50102.7,474
2026-06-10 19:04:00,50101.2,50107.7,50056.7,50059.7,424
2026-06-10 19:05:00,50060.7,50068.7,50041.7,50051.2,396
2026-06-10 19:06:00,50051.7,50082.7,50050.7,50077.7,422
2026-06-10 19:07:00,50078.7,50093.7,50075.7,50086.2,424
2026-06-10 19:08:00,50086.7,50102.2,50079.2,50094.7,416
2026-06-10 19:09:00,50092.2,50099.7,50081.7,50084.7,410
2026-06-10 19:10:00,50083.7,50093.7,50073.7,50073.7,382
2026-06-10 19:11:00,50073.2,50084.7,50063.7,50067.7,388
2026-06-10 19:12:00,50066.7,50084.2,50065.7,50073.2,358
2026-06-10 19:13:00,50072.7,50075.7,50059.7,50063.2,372
2026-06-10 19:14:00,50063.7,50064.7,50046.2,50056.7,340
2026-06-10 19:15:00,50057.2,50064.7,50037.7,50058.2,412
2026-06-10 19:16:00,50059.7,50078.7,50055.7,50058.7,384
2026-06-10 19:17:00,50059.7,50060.7,50042.7,50050.2,316
2026-06-10 19:18:00,50049.7,50053.7,50038.7,50042.7,338
2026-06-10 19:19:00,50041.7,50053.7,50036.2,50038.7,332
2026-06-10 19:20:00,50037.7,50038.2,50019.7,50022.2,326
2026-06-10 19:21:00,50022.7,50031.7,50002.2,50004.7,340
2026-06-10 19:22:00,50005.7,50020.7,49997.7,49999.2,338
2026-06-10 19:23:00,49998.7,50003.2,49989.7,50000.2,364
2026-06-10 19:24:00,49999.7,50011.7,49996.7,50011.7,402
2026-06-10 19:25:00,50011.2,50021.2,49993.7,49994.7,414
2026-06-10 19:26:00,49993.7,50002.7,49988.7,50001.7,381
2026-06-10 19:27:00,50003.2,50007.7,49986.7,49996.7,368
2026-06-10 19:28:00,49997.7,50011.7,49990.2,49990.7,402
2026-06-10 19:29:00,49989.7,50002.7,49987.7,49995.7,418
2026-06-10 19:30:00,49996.7,50001.7,49978.7,49995.2,418
2026-06-10 19:31:00,49993.7,50031.7,49987.7,50017.7,464
2026-06-10 19:32:00,50018.7,50023.7,50000.2,50012.2,422
2026-06-10 19:33:00,50013.2,50014.2,49993.7,50003.7,400
2026-06-10 19:34:00,50003.2,50025.7,50003.2,50019.2,406
2026-06-10 19:35:00,50019.7,50039.2,50004.7,50012.7,460
2026-06-10 19:36:00,50013.7,50023.7,50001.7,50012.7,404
2026-06-10 19:37:00,50011.7,50036.7,50008.7,50036.7,404
2026-06-10 19:38:00,50038.2,50044.7,50029.7,50035.2,378
2026-06-10 19:39:00,50034.7,50052.2,50034.7,50042.7,364
2026-06-10 19:40:00,50044.7,50058.2,50027.7,50044.7,432
2026-06-10 19:41:00,50045.7,50055.7,50030.2,50039.7,400
2026-06-10 19:42:00,50036.2,50037.7,50020.7,50033.7,389
2026-06-10 19:43:00,50034.7,50057.2,50016.2,50055.2,403
2026-06-10 19:44:00,50053.7,50059.2,50047.2,50048.7,340
2026-06-10 19:45:00,50049.2,50058.7,50034.7,50039.7,384
2026-06-10 19:46:00,50038.7,50040.2,50022.7,50037.2,376
2026-06-10 19:47:00,50036.7,50040.2,50023.7,50024.7,348
2026-06-10 19:48:00,50025.7,50026.7,50009.7,50011.7,351
2026-06-10 19:49:00,50012.7,50039.7,50007.7,50038.7,368
2026-06-10 19:50:00,50022.7,50076.7,49940.7,50076.7,568
2026-06-10 19:51:00,50074.7,50075.7,50029.7,50048.7,512
2026-06-10 19:52:00,50050.7,50054.2,50020.7,50023.7,424
2026-06-10 19:53:00,50026.2,50029.2,49998.2,50011.7,390
2026-06-10 19:54:00,50011.2,50012.7,49988.2,50008.7,388
2026-06-10 19:55:00,50007.2,50020.2,49975.7,49981.7,436
2026-06-10 19:56:00,49982.2,50000.7,49978.2,49994.7,380
2026-06-10 19:57:00,49992.7,50002.2,49969.7,49970.2,318
2026-06-10 19:58:00,49970.7,49985.7,49967.7,49983.7,352
2026-06-10 19:59:00,49979.7,49986.7,49915.7,49919.7,484
2026-06-10 20:00:00,49920.7,49932.2,49894.7,49895.7,355
2026-06-10 20:01:00,49895.2,49895.2,49875.2,49875.2,234
2026-06-10 20:02:00,49877.2,49885.2,49871.7,49883.7,132
2026-06-10 20:03:00,49884.2,49896.2,49881.2,49893.7,156
2026-06-10 20:04:00,49894.2,49907.2,49886.7,49895.2,222
2026-06-10 20:05:00,49893.7,49894.7,49860.7,49871.2,392
2026-06-10 20:06:00,49871.7,49889.2,49869.7,49878.7,310
2026-06-10 20:07:00,49879.2,49879.7,49861.2,49871.7,278
2026-06-10 20:08:00,49872.2,49886.2,49872.2,49881.7,276
2026-06-10 20:09:00,49882.2,49890.2,49873.7,49883.7,276
2026-06-10 20:10:00,49885.2,49908.7,49885.2,49908.2,272
2026-06-10 20:11:00,49909.2,49911.7,49896.7,49902.2,264
2026-06-10 20:12:00,49903.7,49906.2,49886.2,49889.7,232
2026-06-10 20:13:00,49890.7,49897.7,49885.7,49895.7,178
2026-06-10 20:14:00,49894.2,49902.2,49890.2,49893.2,228
2026-06-10 20:15:00,49892.2,49898.2,49876.2,49883.2,228
2026-06-10 20:16:00,49885.2,49890.2,49866.7,49878.7,198
2026-06-10 20:17:00,49877.7,49891.7,49867.2,49889.2,232
2026-06-10 20:18:00,49890.2,49892.2,49879.2,49881.2,138
2026-06-10 20:19:00,49882.7,49886.2,49877.2,49883.2,140
2026-06-10 20:20:00,49882.2,49882.2,49873.2,49876.2,110
2026-06-10 20:21:00,49875.2,49895.2,49875.2,49894.7,124
2026-06-10 20:22:00,49894.2,49898.2,49891.2,49893.2,170
2026-06-10 20:23:00,49892.2,49895.2,49889.2,49894.2,128
2026-06-10 20:24:00,49892.7,49894.2,49884.2,49884.7,118
2026-06-10 20:25:00,49885.2,49888.7,49876.2,49887.2,112
2026-06-10 20:26:00,49888.2,49890.7,49883.2,49887.2,122
2026-06-10 20:27:00,49888.2,49889.2,49884.2,49884.7,84
2026-06-10 20:28:00,49884.2,49890.7,49882.7,49890.2,78
2026-06-10 20:29:00,49889.7,49890.7,49887.2,49888.7,74
2026-06-10 20:30:00,49887.2,49887.7,49872.2,49874.7,144
2026-06-10 20:31:00,49875.2,49877.2,49866.2,49875.2,156
2026-06-10 20:32:00,49874.7,49874.7,49867.7,49870.2,52
2026-06-10 20:33:00,49871.2,49871.2,49864.2,49864.7,42
2026-06-10 20:34:00,49863.2,49865.2,49859.7,49863.7,80
2026-06-10 20:35:00,49864.7,49866.2,49857.2,49863.7,110
2026-06-10 20:36:00,49864.2,49870.2,49861.7,49868.7,76
2026-06-10 20:37:00,49869.2,49881.7,49868.2,49880.2,84
2026-06-10 20:38:00,49880.7,49884.2,49878.2,49878.2,62
2026-06-10 20:39:00,49878.7,49880.2,49877.2,49878.2,50
2026-06-10 20:40:00,49879.2,49884.7,49877.2,49880.2,62
2026-06-10 20:41:00,49879.7,49883.2,49872.7,49873.2,88
2026-06-10 20:42:00,49874.2,49878.7,49868.2,49878.7,90
2026-06-10 20:43:00,49878.2,49879.2,49858.2,49858.7,64
2026-06-10 20:44:00,49859.7,49866.7,49846.2,49847.7,125
2026-06-10 20:45:00,49846.2,49852.2,49841.2,49842.7,203
2026-06-10 20:46:00,49841.7,49841.7,49826.7,49830.2,176
2026-06-10 20:47:00,49831.2,49833.7,49822.7,49825.7,128
2026-06-10 20:48:00,49825.2,49846.2,49822.2,49841.2,122
2026-06-10 20:49:00,49839.2,49840.7,49833.7,49837.2,140
2026-06-10 20:50:00,49836.2,49842.7,49828.2,49836.7,180
2026-06-10 20:51:00,49837.7,49840.2,49831.2,49833.7,116
2026-06-10 20:52:00,49836.7,49845.2,49828.7,49845.2,94
2026-06-10 20:53:00,49844.7,49847.2,49836.7,49839.2,104
2026-06-10 20:54:00,49838.2,49855.7,49834.2,49849.2,150
2026-06-10 20:55:00,49849.7,49851.7,49846.7,49849.2,84
2026-06-10 20:56:00,49850.2,49850.2,49841.2,49846.7,80
2026-06-10 20:57:00,49847.2,49853.7,49843.7,49853.7,94
2026-06-10 20:58:00,49853.2,49864.2,49848.2,49856.2,158
