feature,importance
dist_sma5_pips,0.037326198
xauusd_move,0.03483567
engulfing,0.030649802
cb_news_impact_1h,0.030257186
dist_sma24_pips,0.029376008
body_pips,0.029236453
dist_sma12_pips,0.029057069
news_count_4h,0.028134054
atr_12,0.02787057
range_pips,0.027722029
last_ec_vol_1h,0.027327938
news_impact_5m,0.02679827
upper_wick_ratio,0.026794607
usdjpy_move,0.026792945
ec_count_1h,0.026738793
volume,0.026656711
usdchf_move,0.026651502
lower_wick_ratio,0.026502052
geo_news_impact_1h,0.026377186
news_max_vol_1h,0.026328923
momentum_12_pips,0.025619602
news_count_1h,0.02553748
secs_to_next_ec,0.02546651
is_shooting_star,0.025307922
is_doji,0.025233632
news_impact_1h,0.025070054
news_impact_4h,0.025033506
secs_since_last_ec,0.024846865
trend_3bar,0.024693465
body_ratio,0.024691736
gbpusd_move,0.02467856
news_avg_relevance_1h,0.024505356
prev_direction,0.02398211
is_marubozu,0.023665998
news_count_5m,0.02310528
high_vol_ec_30m,0.022530414
direction,0.01776558
is_hammer,0.016831987
last_ec_beats_1h,0.0
last_ec_surprise_1h,0.0
